{
    "__comment": "Made with TheDestruc7i0n's advancements generator: https://advancements.thedestruc7i0n.ca",
    "display": {
        "title": {
            "text": "Magic Staves",
            "color": "light_purple"
        },
        "description": {
            "text": "Adds a bunch of magic staves to you world!",
            "color": "white"
        },
        "icon": {
            "item": "minecraft:pink_tulip"
        },
        "frame": "challenge",
        "show_toast": false,
        "announce_to_chat": false,
        "hidden": false
    },
    "criteria": {
        "tick": {
            "trigger": "minecraft:tick"
        }
    },
    "parent": "magicstaffscore:root"
}