{
    "__comment": "Made with TheDestruc7i0n's advancements generator: https://advancements.thedestruc7i0n.ca",
    "display": {
        "title": {
            "text": "Edazpotato's datapacks",
            "color": "dark_red"
        },
        "description": {
            "text": "Here you can see a list of all of the datapacks by Eazpotato that are installed in this world",
            "color": "aqua"
        },
        "icon": {
            "item": "minecraft:command_block"
        },
        "frame": "goal",
        "show_toast": false,
        "announce_to_chat": false,
        "hidden": false,
        "background": "minecraft:textures/gui/advancements/backgrounds/end.png"
    },
    "criteria": {
        "tick": {
            "trigger": "minecraft:tick"
        }
    }
}